millis,stamp,datetime,motion
999, 1563810559, 2019/7/22 15:49:19, Inactive
1999, 1563810560, 2019/7/22 15:49:20, Inactive
2999, 1563810561, 2019/7/22 15:49:21, Inactive
3999, 1563810562, 2019/7/22 15:49:22, Inactive
4999, 1563810563, 2019/7/22 15:49:23, Inactive
5999, 1563810564, 2019/7/22 15:49:24, Inactive
6999, 1563810565, 2019/7/22 15:49:25, Inactive
7999, 1563810566, 2019/7/22 15:49:26, Inactive
8999, 1563810567, 2019/7/22 15:49:27, Active
9999, 1563810568, 2019/7/22 15:49:28, Active
10999, 1563810569, 2019/7/22 15:49:29, Inactive
11999, 1563810570, 2019/7/22 15:49:30, Inactive
12998, 1563810571, 2019/7/22 15:49:31, Inactive
14000, 1563810572, 2019/7/22 15:49:32, Inactive
14999, 1563810573, 2019/7/22 15:49:33, Inactive
16000, 1563810574, 2019/7/22 15:49:34, Inactive
16999, 1563810575, 2019/7/22 15:49:35, Inactive
17999, 1563810576, 2019/7/22 15:49:36, Inactive
18999, 1563810577, 2019/7/22 15:49:37, Inactive
19999, 1563810578, 2019/7/22 15:49:38, Active
20999, 1563810579, 2019/7/22 15:49:39, Active
21999, 1563810580, 2019/7/22 15:49:40, Inactive
23000, 1563810581, 2019/7/22 15:49:41, Inactive
23999, 1563810582, 2019/7/22 15:49:42, Inactive
24999, 1563810583, 2019/7/22 15:49:43, Active
25999, 1563810584, 2019/7/22 15:49:44, Active
26999, 1563810585, 2019/7/22 15:49:45, Inactive
27999, 1563810586, 2019/7/22 15:49:46, Inactive
28999, 1563810587, 2019/7/22 15:49:47, Inactive
29999, 1563810588, 2019/7/22 15:49:48, Inactive
30999, 1563810589, 2019/7/22 15:49:49, Active
32000, 1563810590, 2019/7/22 15:49:50, Active
32999, 1563810591, 2019/7/22 15:49:51, Inactive
33999, 1563810592, 2019/7/22 15:49:52, Inactive
34999, 1563810593, 2019/7/22 15:49:53, Active
35999, 1563810594, 2019/7/22 15:49:54, Active
36999, 1563810595, 2019/7/22 15:49:55, Inactive
37999, 1563810596, 2019/7/22 15:49:56, Inactive
38999, 1563810597, 2019/7/22 15:49:57, Inactive
39999, 1563810598, 2019/7/22 15:49:58, Active
40999, 1563810599, 2019/7/22 15:49:59, Inactive
41999, 1563810600, 2019/7/22 15:50:0, Inactive
42999, 1563810601, 2019/7/22 15:50:1, Inactive
43999, 1563810602, 2019/7/22 15:50:2, Inactive
44999, 1563810603, 2019/7/22 15:50:3, Inactive
45999, 1563810604, 2019/7/22 15:50:4, Active
46999, 1563810605, 2019/7/22 15:50:5, Active
48000, 1563810606, 2019/7/22 15:50:6, Inactive
48999, 1563810607, 2019/7/22 15:50:7, Inactive
49999, 1563810608, 2019/7/22 15:50:8, Inactive
50999, 1563810609, 2019/7/22 15:50:9, Inactive
51999, 1563810610, 2019/7/22 15:50:10, Inactive
52999, 1563810611, 2019/7/22 15:50:11, Inactive
53999, 1563810612, 2019/7/22 15:50:12, Inactive
55000, 1563810613, 2019/7/22 15:50:13, Inactive
55999, 1563810614, 2019/7/22 15:50:14, Inactive
56999, 1563810615, 2019/7/22 15:50:15, Inactive
57999, 1563810616, 2019/7/22 15:50:16, Inactive
58999, 1563810617, 2019/7/22 15:50:17, Inactive
59998, 1563810618, 2019/7/22 15:50:18, Inactive
60999, 1563810619, 2019/7/22 15:50:19, Inactive
61999, 1563810620, 2019/7/22 15:50:20, Active
62999, 1563810621, 2019/7/22 15:50:21, Inactive
64000, 1563810622, 2019/7/22 15:50:22, Inactive
64999, 1563810623, 2019/7/22 15:50:23, Inactive
65999, 1563810624, 2019/7/22 15:50:24, Inactive
66999, 1563810625, 2019/7/22 15:50:25, Active
67999, 1563810626, 2019/7/22 15:50:26, Inactive
69000, 1563810627, 2019/7/22 15:50:27, Inactive
69998, 1563810628, 2019/7/22 15:50:28, Inactive
70999, 1563810629, 2019/7/22 15:50:29, Inactive
71999, 1563810630, 2019/7/22 15:50:30, Active
72999, 1563810631, 2019/7/22 15:50:31, Inactive
73999, 1563810632, 2019/7/22 15:50:32, Inactive
74999, 1563810633, 2019/7/22 15:50:33, Inactive
75999, 1563810634, 2019/7/22 15:50:34, Inactive
76999, 1563810635, 2019/7/22 15:50:35, Inactive
77999, 1563810636, 2019/7/22 15:50:36, Active
78999, 1563810637, 2019/7/22 15:50:37, Active
80000, 1563810638, 2019/7/22 15:50:38, Inactive
80999, 1563810639, 2019/7/22 15:50:39, Inactive
81999, 1563810640, 2019/7/22 15:50:40, Active
82999, 1563810641, 2019/7/22 15:50:41, Active
83999, 1563810642, 2019/7/22 15:50:42, Inactive
84998, 1563810643, 2019/7/22 15:50:43, Inactive
85999, 1563810644, 2019/7/22 15:50:44, Inactive
87000, 1563810645, 2019/7/22 15:50:45, Inactive
87999, 1563810646, 2019/7/22 15:50:46, Inactive
88999, 1563810647, 2019/7/22 15:50:47, Inactive
89999, 1563810648, 2019/7/22 15:50:48, Inactive
90999, 1563810649, 2019/7/22 15:50:49, Inactive
91999, 1563810650, 2019/7/22 15:50:50, Active
92999, 1563810651, 2019/7/22 15:50:51, Active
93999, 1563810652, 2019/7/22 15:50:52, Inactive
94999, 1563810653, 2019/7/22 15:50:53, Inactive
95998, 1563810654, 2019/7/22 15:50:54, Inactive
96999, 1563810655, 2019/7/22 15:50:55, Active
97999, 1563810656, 2019/7/22 15:50:56, Active
98999, 1563810657, 2019/7/22 15:50:57, Inactive
99999, 1563810658, 2019/7/22 15:50:58, Inactive
100999, 1563810659, 2019/7/22 15:50:59, Active
101999, 1563810660, 2019/7/22 15:51:0, Active
102999, 1563810661, 2019/7/22 15:51:1, Inactive
103999, 1563810662, 2019/7/22 15:51:2, Inactive
104999, 1563810663, 2019/7/22 15:51:3, Active
105999, 1563810664, 2019/7/22 15:51:4, Active
106999, 1563810665, 2019/7/22 15:51:5, Inactive
107999, 1563810666, 2019/7/22 15:51:6, Inactive
108999, 1563810667, 2019/7/22 15:51:7, Inactive
109999, 1563810668, 2019/7/22 15:51:8, Active
110999, 1563810669, 2019/7/22 15:51:9, Inactive
112000, 1563810670, 2019/7/22 15:51:10, Inactive
112998, 1563810671, 2019/7/22 15:51:11, Inactive
113999, 1563810672, 2019/7/22 15:51:12, Active
114999, 1563810673, 2019/7/22 15:51:13, Inactive
115999, 1563810674, 2019/7/22 15:51:14, Inactive
116999, 1563810675, 2019/7/22 15:51:15, Inactive
117999, 1563810676, 2019/7/22 15:51:16, Inactive
118999, 1563810677, 2019/7/22 15:51:17, Active
119999, 1563810678, 2019/7/22 15:51:18, Inactive
120999, 1563810679, 2019/7/22 15:51:19, Inactive
121999, 1563810680, 2019/7/22 15:51:20, Inactive
122999, 1563810681, 2019/7/22 15:51:21, Inactive
123999, 1563810682, 2019/7/22 15:51:22, Active
124999, 1563810683, 2019/7/22 15:51:23, Inactive
126000, 1563810684, 2019/7/22 15:51:24, Inactive
126999, 1563810685, 2019/7/22 15:51:25, Inactive
127998, 1563810686, 2019/7/22 15:51:26, Active
128999, 1563810687, 2019/7/22 15:51:27, Active
129999, 1563810688, 2019/7/22 15:51:28, Inactive
130999, 1563810689, 2019/7/22 15:51:29, Inactive
131999, 1563810690, 2019/7/22 15:51:30, Active
132999, 1563810691, 2019/7/22 15:51:31, Active
133999, 1563810692, 2019/7/22 15:51:32, Inactive
135000, 1563810693, 2019/7/22 15:51:33, Inactive
135998, 1563810694, 2019/7/22 15:51:34, Inactive
136999, 1563810695, 2019/7/22 15:51:35, Active
137999, 1563810696, 2019/7/22 15:51:36, Active
138998, 1563810697, 2019/7/22 15:51:37, Inactive
139999, 1563810698, 2019/7/22 15:51:38, Inactive
140999, 1563810699, 2019/7/22 15:51:39, Active
141999, 1563810700, 2019/7/22 15:51:40, Active
142999, 1563810701, 2019/7/22 15:51:41, Inactive
144000, 1563810702, 2019/7/22 15:51:42, Inactive
144999, 1563810703, 2019/7/22 15:51:43, Active
145999, 1563810704, 2019/7/22 15:51:44, Active
146999, 1563810705, 2019/7/22 15:51:45, Inactive
147999, 1563810706, 2019/7/22 15:51:46, Inactive
148999, 1563810707, 2019/7/22 15:51:47, Inactive
149999, 1563810708, 2019/7/22 15:51:48, Active
151000, 1563810709, 2019/7/22 15:51:49, Inactive
151999, 1563810710, 2019/7/22 15:51:50, Inactive
152999, 1563810711, 2019/7/22 15:51:51, Inactive
153999, 1563810712, 2019/7/22 15:51:52, Active
154999, 1563810713, 2019/7/22 15:51:53, Active
155999, 1563810714, 2019/7/22 15:51:54, Inactive
156999, 1563810715, 2019/7/22 15:51:55, Inactive
157999, 1563810716, 2019/7/22 15:51:56, Active
158999, 1563810717, 2019/7/22 15:51:57, Active
160000, 1563810718, 2019/7/22 15:51:58, Inactive
160999, 1563810719, 2019/7/22 15:51:59, Inactive
161999, 1563810720, 2019/7/22 15:52:0, Inactive
162999, 1563810721, 2019/7/22 15:52:1, Active
163999, 1563810722, 2019/7/22 15:52:2, Inactive
165000, 1563810723, 2019/7/22 15:52:3, Inactive
165999, 1563810724, 2019/7/22 15:52:4, Inactive
167000, 1563810725, 2019/7/22 15:52:5, Active
167999, 1563810726, 2019/7/22 15:52:6, Active
168999, 1563810727, 2019/7/22 15:52:7, Inactive
169999, 1563810728, 2019/7/22 15:52:8, Inactive
170999, 1563810729, 2019/7/22 15:52:9, Inactive
171999, 1563810730, 2019/7/22 15:52:10, Active
172999, 1563810731, 2019/7/22 15:52:11, Inactive
174000, 1563810732, 2019/7/22 15:52:12, Inactive
174999, 1563810733, 2019/7/22 15:52:13, Inactive
176000, 1563810734, 2019/7/22 15:52:14, Active
176999, 1563810735, 2019/7/22 15:52:15, Inactive
177999, 1563810736, 2019/7/22 15:52:16, Inactive
178999, 1563810737, 2019/7/22 15:52:17, Inactive
179999, 1563810738, 2019/7/22 15:52:18, Active
181000, 1563810739, 2019/7/22 15:52:19, Inactive
181999, 1563810740, 2019/7/22 15:52:20, Inactive
182999, 1563810741, 2019/7/22 15:52:21, Inactive
183999, 1563810742, 2019/7/22 15:52:22, Active
184999, 1563810743, 2019/7/22 15:52:23, Inactive
185999, 1563810744, 2019/7/22 15:52:24, Inactive
186999, 1563810745, 2019/7/22 15:52:25, Inactive
187999, 1563810746, 2019/7/22 15:52:26, Active
188999, 1563810747, 2019/7/22 15:52:27, Active
189999, 1563810748, 2019/7/22 15:52:28, Inactive
190998, 1563810749, 2019/7/22 15:52:29, Inactive
192000, 1563810750, 2019/7/22 15:52:30, Active
192999, 1563810751, 2019/7/22 15:52:31, Active
193999, 1563810752, 2019/7/22 15:52:32, Inactive
